,EventID,Evaluation Status,Origin Time,Magnitude,Latitude (WGS84),Longitude (WGS84),LocationName
2017-02-23,texnet2017dtyg,final,14:26:05,2.1,28.9252,-97.9598,Near Coast of Texas
2017-02-24,,,,0.0,,,
2017-02-25,,,,0.0,,,
2017-02-26,,,,0.0,,,
2017-02-27,,,,0.0,,,
2017-02-28,,,,0.0,,,
2017-03-01,,,,0.0,,,
2017-03-02,,,,0.0,,,
2017-03-03,,,,0.0,,,
2017-03-04,,,,0.0,,,
2017-03-05,,,,0.0,,,
2017-03-06,,,,0.0,,,
2017-03-07,,,,0.0,,,
2017-03-08,,,,0.0,,,
2017-03-09,,,,0.0,,,
2017-03-10,,,,0.0,,,
2017-03-11,,,,0.0,,,
2017-03-12,,,,0.0,,,
2017-03-13,,,,0.0,,,
2017-03-14,,,,0.0,,,
2017-03-15,,,,0.0,,,
2017-03-16,,,,0.0,,,
2017-03-17,,,,0.0,,,
2017-03-18,,,,0.0,,,
2017-03-19,,,,0.0,,,
2017-03-20,,,,0.0,,,
2017-03-21,texnet2017fppw,final,16:43:44,2.0,29.0854,-97.7313,Central Texas
2017-03-22,texnet2017frto,final,20:51:41,2.4,29.1788,-97.7706,Central Texas
2017-03-22,texnet2017frdl,final,12:43:42,1.9,29.1019,-97.7333,Central Texas
2017-03-23,,,,0.0,,,
2017-03-24,,,,0.0,,,
2017-03-25,,,,0.0,,,
2017-03-26,,,,0.0,,,
2017-03-27,,,,0.0,,,
2017-03-28,,,,0.0,,,
2017-03-29,,,,0.0,,,
2017-03-30,,,,0.0,,,
2017-03-31,,,,0.0,,,
2017-04-01,,,,0.0,,,
2017-04-02,,,,0.0,,,
2017-04-03,,,,0.0,,,
2017-04-04,,,,0.0,,,
2017-04-05,,,,0.0,,,
2017-04-06,,,,0.0,,,
2017-04-07,,,,0.0,,,
2017-04-08,,,,0.0,,,
2017-04-09,,,,0.0,,,
2017-04-10,,,,0.0,,,
2017-04-11,,,,0.0,,,
2017-04-12,,,,0.0,,,
2017-04-13,,,,0.0,,,
2017-04-14,,,,0.0,,,
2017-04-15,,,,0.0,,,
2017-04-16,,,,0.0,,,
2017-04-17,,,,0.0,,,
2017-04-18,,,,0.0,,,
2017-04-19,,,,0.0,,,
2017-04-20,,,,0.0,,,
2017-04-21,,,,0.0,,,
2017-04-22,,,,0.0,,,
2017-04-23,,,,0.0,,,
2017-04-24,,,,0.0,,,
2017-04-25,,,,0.0,,,
2017-04-26,,,,0.0,,,
2017-04-27,,,,0.0,,,
2017-04-28,,,,0.0,,,
2017-04-29,,,,0.0,,,
2017-04-30,,,,0.0,,,
2017-05-01,,,,0.0,,,
2017-05-02,,,,0.0,,,
2017-05-03,,,,0.0,,,
2017-05-04,,,,0.0,,,
2017-05-05,,,,0.0,,,
2017-05-06,,,,0.0,,,
2017-05-07,,,,0.0,,,
2017-05-08,,,,0.0,,,
2017-05-09,,,,0.0,,,
2017-05-10,,,,0.0,,,
2017-05-11,,,,0.0,,,
2017-05-12,,,,0.0,,,
2017-05-13,,,,0.0,,,
2017-05-14,,,,0.0,,,
2017-05-15,,,,0.0,,,
2017-05-16,,,,0.0,,,
2017-05-17,,,,0.0,,,
2017-05-18,,,,0.0,,,
2017-05-19,,,,0.0,,,
2017-05-20,,,,0.0,,,
2017-05-21,,,,0.0,,,
2017-05-22,,,,0.0,,,
2017-05-23,,,,0.0,,,
2017-05-24,,,,0.0,,,
2017-05-25,,,,0.0,,,
2017-05-26,,,,0.0,,,
2017-05-27,,,,0.0,,,
2017-05-28,,,,0.0,,,
2017-05-29,,,,0.0,,,
2017-05-30,,,,0.0,,,
2017-05-31,,,,0.0,,,
2017-06-01,,,,0.0,,,
2017-06-02,,,,0.0,,,
2017-06-03,,,,0.0,,,
2017-06-04,,,,0.0,,,
2017-06-05,,,,0.0,,,
2017-06-06,,,,0.0,,,
2017-06-07,,,,0.0,,,
2017-06-08,,,,0.0,,,
2017-06-09,,,,0.0,,,
2017-06-10,,,,0.0,,,
2017-06-11,,,,0.0,,,
2017-06-12,,,,0.0,,,
2017-06-13,,,,0.0,,,
2017-06-14,,,,0.0,,,
2017-06-15,,,,0.0,,,
2017-06-16,,,,0.0,,,
2017-06-17,,,,0.0,,,
2017-06-18,,,,0.0,,,
2017-06-19,,,,0.0,,,
2017-06-20,,,,0.0,,,
2017-06-21,,,,0.0,,,
2017-06-22,,,,0.0,,,
2017-06-23,,,,0.0,,,
2017-06-24,,,,0.0,,,
2017-06-25,,,,0.0,,,
2017-06-26,,,,0.0,,,
2017-06-27,,,,0.0,,,
2017-06-28,,,,0.0,,,
2017-06-29,,,,0.0,,,
2017-06-30,,,,0.0,,,
2017-07-01,,,,0.0,,,
2017-07-02,texnet2017mvfk,final,09:00:46,3.1,29.0195,-97.9319,Central Texas
2017-07-03,,,,0.0,,,
2017-07-04,,,,0.0,,,
2017-07-05,,,,0.0,,,
2017-07-06,,,,0.0,,,
2017-07-07,,,,0.0,,,
2017-07-08,,,,0.0,,,
2017-07-09,,,,0.0,,,
2017-07-10,,,,0.0,,,
2017-07-11,,,,0.0,,,
2017-07-12,,,,0.0,,,
2017-07-13,,,,0.0,,,
2017-07-14,,,,0.0,,,
2017-07-15,,,,0.0,,,
2017-07-16,,,,0.0,,,
2017-07-17,,,,0.0,,,
2017-07-18,,,,0.0,,,
2017-07-19,,,,0.0,,,
2017-07-20,,,,0.0,,,
2017-07-21,,,,0.0,,,
2017-07-22,,,,0.0,,,
2017-07-23,,,,0.0,,,
2017-07-24,,,,0.0,,,
2017-07-25,,,,0.0,,,
2017-07-26,,,,0.0,,,
2017-07-27,,,,0.0,,,
2017-07-28,,,,0.0,,,
2017-07-29,,,,0.0,,,
2017-07-30,,,,0.0,,,
2017-07-31,,,,0.0,,,
2017-08-01,,,,0.0,,,
2017-08-02,,,,0.0,,,
2017-08-03,,,,0.0,,,
2017-08-04,,,,0.0,,,
2017-08-05,,,,0.0,,,
2017-08-06,,,,0.0,,,
2017-08-07,,,,0.0,,,
2017-08-08,,,,0.0,,,
2017-08-09,,,,0.0,,,
2017-08-10,,,,0.0,,,
2017-08-11,,,,0.0,,,
2017-08-12,,,,0.0,,,
2017-08-13,,,,0.0,,,
2017-08-14,,,,0.0,,,
2017-08-15,,,,0.0,,,
2017-08-16,,,,0.0,,,
2017-08-17,,,,0.0,,,
2017-08-18,,,,0.0,,,
2017-08-19,,,,0.0,,,
2017-08-20,,,,0.0,,,
2017-08-21,,,,0.0,,,
2017-08-22,,,,0.0,,,
2017-08-23,,,,0.0,,,
2017-08-24,,,,0.0,,,
2017-08-25,,,,0.0,,,
2017-08-26,,,,0.0,,,
2017-08-27,,,,0.0,,,
2017-08-28,,,,0.0,,,
2017-08-29,,,,0.0,,,
2017-08-30,,,,0.0,,,
2017-08-31,,,,0.0,,,
2017-09-01,,,,0.0,,,
2017-09-02,,,,0.0,,,
2017-09-03,,,,0.0,,,
2017-09-04,,,,0.0,,,
2017-09-05,,,,0.0,,,
2017-09-06,,,,0.0,,,
2017-09-07,,,,0.0,,,
2017-09-08,,,,0.0,,,
2017-09-09,,,,0.0,,,
2017-09-10,,,,0.0,,,
2017-09-11,,,,0.0,,,
2017-09-12,,,,0.0,,,
2017-09-13,,,,0.0,,,
2017-09-14,,,,0.0,,,
2017-09-15,,,,0.0,,,
2017-09-16,,,,0.0,,,
2017-09-17,,,,0.0,,,
2017-09-18,,,,0.0,,,
2017-09-19,,,,0.0,,,
2017-09-20,,,,0.0,,,
2017-09-21,,,,0.0,,,
2017-09-22,,,,0.0,,,
2017-09-23,,,,0.0,,,
2017-09-24,,,,0.0,,,
2017-09-25,,,,0.0,,,
2017-09-26,,,,0.0,,,
2017-09-27,,,,0.0,,,
2017-09-28,,,,0.0,,,
2017-09-29,,,,0.0,,,
2017-09-30,,,,0.0,,,
2017-10-01,,,,0.0,,,
2017-10-02,,,,0.0,,,
2017-10-03,,,,0.0,,,
2017-10-04,,,,0.0,,,
2017-10-05,,,,0.0,,,
2017-10-06,,,,0.0,,,
2017-10-07,,,,0.0,,,
2017-10-08,,,,0.0,,,
2017-10-09,,,,0.0,,,
2017-10-10,,,,0.0,,,
2017-10-11,,,,0.0,,,
2017-10-12,,,,0.0,,,
2017-10-13,,,,0.0,,,
2017-10-14,,,,0.0,,,
2017-10-15,,,,0.0,,,
2017-10-16,,,,0.0,,,
2017-10-17,,,,0.0,,,
2017-10-18,,,,0.0,,,
2017-10-19,,,,0.0,,,
2017-10-20,,,,0.0,,,
2017-10-21,,,,0.0,,,
2017-10-22,,,,0.0,,,
2017-10-23,,,,0.0,,,
2017-10-24,,,,0.0,,,
2017-10-25,,,,0.0,,,
2017-10-26,,,,0.0,,,
2017-10-27,,,,0.0,,,
2017-10-28,,,,0.0,,,
2017-10-29,,,,0.0,,,
2017-10-30,,,,0.0,,,
2017-10-31,,,,0.0,,,
2017-11-01,,,,0.0,,,
2017-11-02,,,,0.0,,,
2017-11-03,,,,0.0,,,
2017-11-04,,,,0.0,,,
2017-11-05,,,,0.0,,,
2017-11-06,,,,0.0,,,
2017-11-07,,,,0.0,,,
2017-11-08,,,,0.0,,,
2017-11-09,,,,0.0,,,
2017-11-10,,,,0.0,,,
2017-11-11,,,,0.0,,,
2017-11-12,,,,0.0,,,
2017-11-13,,,,0.0,,,
2017-11-14,texnet2017wiiy,final,15:24:14,3.0,28.9197,-97.9949,Near Coast of Texas
2017-11-14,texnet2017whqr,final,06:10:52,2.2,28.9719,-97.9918,Near Coast of Texas
2017-11-14,texnet2017whqt,final,06:12:11,1.7,28.8913,-98.0084,Southern Texas
2017-11-14,texnet2017whwc,final,08:54:05,2.8,28.9426,-98.0105,Southern Texas
2017-11-15,,,,0.0,,,
2017-11-16,,,,0.0,,,
2017-11-17,,,,0.0,,,
2017-11-18,,,,0.0,,,
2017-11-19,,,,0.0,,,
2017-11-20,,,,0.0,,,
2017-11-21,,,,0.0,,,
2017-11-22,,,,0.0,,,
2017-11-23,,,,0.0,,,
2017-11-24,,,,0.0,,,
2017-11-25,,,,0.0,,,
2017-11-26,,,,0.0,,,
2017-11-27,,,,0.0,,,
2017-11-28,,,,0.0,,,
2017-11-29,,,,0.0,,,
2017-11-30,,,,0.0,,,
2017-12-01,,,,0.0,,,
2017-12-02,,,,0.0,,,
2017-12-03,,,,0.0,,,
2017-12-04,,,,0.0,,,
2017-12-05,,,,0.0,,,
2017-12-06,,,,0.0,,,
2017-12-07,,,,0.0,,,
2017-12-08,,,,0.0,,,
2017-12-09,,,,0.0,,,
2017-12-10,,,,0.0,,,
2017-12-11,,,,0.0,,,
2017-12-12,,,,0.0,,,
2017-12-13,,,,0.0,,,
2017-12-14,,,,0.0,,,
2017-12-15,,,,0.0,,,
2017-12-16,,,,0.0,,,
2017-12-17,,,,0.0,,,
2017-12-18,,,,0.0,,,
2017-12-19,,,,0.0,,,
2017-12-20,,,,0.0,,,
2017-12-21,,,,0.0,,,
2017-12-22,,,,0.0,,,
2017-12-23,,,,0.0,,,
2017-12-24,,,,0.0,,,
2017-12-25,,,,0.0,,,
2017-12-26,,,,0.0,,,
2017-12-27,,,,0.0,,,
2017-12-28,,,,0.0,,,
2017-12-29,,,,0.0,,,
2017-12-30,texnet2017znxw,final,09:14:34,1.8,29.0286,-97.8512,Central Texas
2017-12-31,,,,0.0,,,
2018-01-01,,,,0.0,,,
2018-01-02,,,,0.0,,,
2018-01-03,texnet2018adyk,final,03:45:19,1.9,29.0103,-97.9588,Central Texas
2018-01-04,,,,0.0,,,
2018-01-05,,,,0.0,,,
2018-01-06,,,,0.0,,,
2018-01-07,,,,0.0,,,
2018-01-08,,,,0.0,,,
2018-01-09,texnet2018aqeb,final,20:14:04,3.0,29.003,-97.9174,Central Texas
2018-01-10,texnet2018ards,final,09:11:02,2.2,28.9838,-97.8977,Near Coast of Texas
2018-01-11,,,,0.0,,,
2018-01-12,,,,0.0,,,
2018-01-13,,,,0.0,,,
2018-01-14,,,,0.0,,,
2018-01-15,,,,0.0,,,
2018-01-16,,,,0.0,,,
2018-01-17,,,,0.0,,,
2018-01-18,,,,0.0,,,
2018-01-19,,,,0.0,,,
2018-01-20,,,,0.0,,,
2018-01-21,,,,0.0,,,
2018-01-22,,,,0.0,,,
2018-01-23,,,,0.0,,,
2018-01-24,,,,0.0,,,
2018-01-25,,,,0.0,,,
2018-01-26,,,,0.0,,,
2018-01-27,,,,0.0,,,
2018-01-28,,,,0.0,,,
2018-01-29,,,,0.0,,,
2018-01-30,,,,0.0,,,
2018-01-31,,,,0.0,,,
2018-02-01,,,,0.0,,,
2018-02-02,,,,0.0,,,
2018-02-03,,,,0.0,,,
2018-02-04,,,,0.0,,,
2018-02-05,,,,0.0,,,
2018-02-06,,,,0.0,,,
2018-02-07,,,,0.0,,,
2018-02-08,,,,0.0,,,
2018-02-09,,,,0.0,,,
2018-02-10,texnet2018cwcl,final,13:19:41,1.5,29.003,-97.8698,Central Texas
2018-02-11,texnet2018cyot,final,21:48:05,2.0,29.0231,-97.845,Central Texas
2018-02-12,texnet2018czng,final,10:09:47,2.6,29.0076,-97.8874,Central Texas
2018-02-12,texnet2018czqu,final,11:57:59,2.2,29.0158,-97.8471,Central Texas
2018-02-12,texnet2018czrw,final,12:31:21,2.4,29.0222,-97.846,Central Texas
2018-02-12,texnet2018czrz,final,12:33:42,2.3,29.0121,-97.8491,Central Texas
2018-02-12,texnet2018czvr,final,14:24:51,3.2,28.9938,-97.9091,Near Coast of Texas
2018-02-12,texnet2018czwo,final,14:52:25,1.5,28.9774,-97.9009,Near Coast of Texas
2018-02-13,,,,0.0,,,
2018-02-14,,,,0.0,,,
2018-02-15,,,,0.0,,,
2018-02-16,texnet2018dgjr,final,04:18:41,2.1,29.0121,-97.8367,Central Texas
2018-02-17,,,,0.0,,,
2018-02-18,,,,0.0,,,
2018-02-19,texnet2018dnfs,final,22:16:05,2.7,29.0451,-97.9215,Central Texas
2018-02-19,texnet2018dloy,final,00:39:33,2.7,29.003,-97.8926,Central Texas
2018-02-19,texnet2018dnfi,final,22:04:32,3.0,29.0222,-97.8543,Central Texas
2018-02-20,,,,0.0,,,
2018-02-21,,,,0.0,,,
2018-02-22,,,,0.0,,,
2018-02-23,,,,0.0,,,
2018-02-24,,,,0.0,,,
2018-02-25,,,,0.0,,,
2018-02-26,,,,0.0,,,
2018-02-27,,,,0.0,,,
2018-02-28,,,,0.0,,,
2018-03-01,,,,0.0,,,
2018-03-02,,,,0.0,,,
2018-03-03,,,,0.0,,,
2018-03-04,,,,0.0,,,
2018-03-05,,,,0.0,,,
2018-03-06,,,,0.0,,,
2018-03-07,,,,0.0,,,
2018-03-08,,,,0.0,,,
2018-03-09,,,,0.0,,,
2018-03-10,,,,0.0,,,
2018-03-11,,,,0.0,,,
2018-03-12,texnet2018eyqm,final,09:44:18,3.3,29.1403,-97.692,Central Texas
2018-03-13,texnet2018fajs,final,08:35:17,3.0,29.0863,-97.6703,Central Texas
2018-03-14,,,,0.0,,,
2018-03-15,,,,0.0,,,
2018-03-16,,,,0.0,,,
2018-03-17,,,,0.0,,,
2018-03-18,,,,0.0,,,
2018-03-19,,,,0.0,,,
2018-03-20,,,,0.0,,,
2018-03-21,,,,0.0,,,
2018-03-22,,,,0.0,,,
2018-03-23,,,,0.0,,,
2018-03-24,,,,0.0,,,
2018-03-25,,,,0.0,,,
2018-03-26,,,,0.0,,,
2018-03-27,,,,0.0,,,
2018-03-28,,,,0.0,,,
2018-03-29,,,,0.0,,,
2018-03-30,,,,0.0,,,
2018-03-31,,,,0.0,,,
2018-04-01,,,,0.0,,,
2018-04-02,,,,0.0,,,
2018-04-03,,,,0.0,,,
2018-04-04,,,,0.0,,,
2018-04-05,,,,0.0,,,
2018-04-06,,,,0.0,,,
2018-04-07,,,,0.0,,,
2018-04-08,,,,0.0,,,
2018-04-09,,,,0.0,,,
2018-04-10,,,,0.0,,,
2018-04-11,,,,0.0,,,
2018-04-12,,,,0.0,,,
2018-04-13,,,,0.0,,,
2018-04-14,,,,0.0,,,
2018-04-15,,,,0.0,,,
2018-04-16,,,,0.0,,,
2018-04-17,,,,0.0,,,
2018-04-18,,,,0.0,,,
2018-04-19,,,,0.0,,,
2018-04-20,,,,0.0,,,
2018-04-21,texnet2018htks,final,05:44:17,3.0,28.992,-97.8802,Near Coast of Texas
2018-04-22,,,,0.0,,,
2018-04-23,,,,0.0,,,
2018-04-24,,,,0.0,,,
2018-04-25,,,,0.0,,,
2018-04-26,texnet2018idoc,final,18:49:24,1.9,29.014,-97.9898,Central Texas
2018-04-26,texnet2018idob,final,18:49:48,3.3,28.9645,-98.0043,Southern Texas
2018-04-27,texnet2018idyq,final,00:08:00,1.7,28.9545,-97.9929,Near Coast of Texas
2018-04-28,,,,0.0,,,
2018-04-29,texnet2018iixa,final,16:59:42,2.9,29.014,-97.8512,Central Texas
2018-04-30,,,,0.0,,,
2018-05-01,texnet2018ilhd,final,00:23:37,2.6,28.9114,-98.0208,Southern Texas
2018-05-01,texnet2018immz,final,16:28:56,3.5,28.9188,-98.0125,Southern Texas
2018-05-02,,,,0.0,,,
2018-05-03,,,,0.0,,,
2018-05-04,,,,0.0,,,
2018-05-05,texnet2018iszt,final,05:45:15,1.8,28.9243,-97.9856,Near Coast of Texas
2018-05-06,,,,0.0,,,
2018-05-07,,,,0.0,,,
2018-05-08,,,,0.0,,,
2018-05-09,,,,0.0,,,
2018-05-10,,,,0.0,,,
2018-05-11,,,,0.0,,,
2018-05-12,,,,0.0,,,
2018-05-13,,,,0.0,,,
2018-05-14,,,,0.0,,,
2018-05-15,,,,0.0,,,
2018-05-16,,,,0.0,,,
2018-05-17,,,,0.0,,,
2018-05-18,,,,0.0,,,
2018-05-19,,,,0.0,,,
2018-05-20,texnet2018jvho,final,17:30:22,1.9,29.0854,-97.7499,Central Texas
2018-05-20,texnet2018jvhy,final,17:41:35,2.4,29.0689,-97.7623,Central Texas
2018-05-21,,,,0.0,,,
2018-05-22,texnet2018jxxy,final,04:02:59,1.7,29.1055,-97.7768,Central Texas
2018-05-23,,,,0.0,,,
2018-05-24,,,,0.0,,,
2018-05-25,,,,0.0,,,
2018-05-26,,,,0.0,,,
2018-05-27,,,,0.0,,,
2018-05-28,texnet2018kjxa,final,17:14:23,1.4,29.0826,-97.8274,Central Texas
2018-05-29,,,,0.0,,,
2018-05-30,,,,0.0,,,
2018-05-31,,,,0.0,,,
2018-06-01,,,,0.0,,,
2018-06-02,,,,0.0,,,
2018-06-03,,,,0.0,,,
2018-06-04,,,,0.0,,,
2018-06-05,,,,0.0,,,
2018-06-06,,,,0.0,,,
2018-06-07,,,,0.0,,,
2018-06-08,,,,0.0,,,
2018-06-09,,,,0.0,,,
2018-06-10,,,,0.0,,,
2018-06-11,texnet2018ljsm,final,20:27:41,2.3,28.9883,-97.9071,Near Coast of Texas
2018-06-11,texnet2018ljrs,final,20:04:09,2.3,28.9911,-97.9019,Near Coast of Texas
2018-06-12,texnet2018lkox,final,07:48:05,1.9,28.9883,-97.9091,Near Coast of Texas
2018-06-13,texnet2018lmzh,final,15:18:28,2.6,29.0744,-97.7644,Central Texas
2018-06-13,texnet2018lnat,final,16:02:47,1.9,29.09,-97.7489,Central Texas
2018-06-14,,,,0.0,,,
2018-06-15,,,,0.0,,,
2018-06-16,,,,0.0,,,
2018-06-17,,,,0.0,,,
2018-06-18,,,,0.0,,,
2018-06-19,,,,0.0,,,
2018-06-20,,,,0.0,,,
2018-06-21,,,,0.0,,,
2018-06-22,,,,0.0,,,
2018-06-23,,,,0.0,,,
2018-06-24,,,,0.0,,,
2018-06-25,,,,0.0,,,
2018-06-26,texnet2018mkyd,final,17:57:17,2.3,29.0121,-97.8802,Central Texas
2018-06-27,,,,0.0,,,
2018-06-28,,,,0.0,,,
2018-06-29,,,,0.0,,,
2018-06-30,,,,0.0,,,
2018-07-01,texnet2018mstf,final,00:35:59,2.7,29.0131,-97.8853,Central Texas
2018-07-01,texnet2018msxn,final,02:45:18,2.5,29.0167,-97.8771,Central Texas
2018-07-01,texnet2018msxq,final,02:46:53,1.9,29.014,-97.876,Central Texas
2018-07-01,texnet2018mtax,final,04:28:10,1.1,28.9948,-97.8853,Near Coast of Texas
2018-07-01,texnet2018mtfm,final,06:47:24,1.6,28.9993,-97.8595,Near Coast of Texas
2018-07-01,texnet2018muej,final,19:21:01,1.4,28.9883,-97.905,Near Coast of Texas
2018-07-02,texnet2018muoe,final,00:17:25,3.0,29.0176,-97.8802,Central Texas
2018-07-02,texnet2018mvlr,final,12:12:01,1.4,29.0158,-97.8905,Central Texas
2018-07-03,,,,0.0,,,
2018-07-04,,,,0.0,,,
2018-07-05,,,,0.0,,,
2018-07-06,,,,0.0,,,
2018-07-07,,,,0.0,,,
2018-07-08,,,,0.0,,,
2018-07-09,,,,0.0,,,
2018-07-10,,,,0.0,,,
2018-07-11,,,,0.0,,,
2018-07-12,,,,0.0,,,
2018-07-13,,,,0.0,,,
2018-07-14,,,,0.0,,,
2018-07-15,,,,0.0,,,
2018-07-16,,,,0.0,,,
2018-07-17,,,,0.0,,,
2018-07-18,,,,0.0,,,
2018-07-19,,,,0.0,,,
2018-07-20,texnet2018obwg,final,05:53:08,2.0,28.9966,-97.9164,Near Coast of Texas
2018-07-20,texnet2018ocae,final,07:53:09,1.5,29.0048,-97.9174,Central Texas
2018-07-20,texnet2018ocfu,final,10:42:16,2.4,28.9957,-97.9174,Near Coast of Texas
2018-07-21,,,,0.0,,,
2018-07-22,,,,0.0,,,
2018-07-23,,,,0.0,,,
2018-07-24,,,,0.0,,,
2018-07-25,texnet2018okzz,final,05:59:01,1.7,28.9938,-97.8884,Near Coast of Texas
2018-07-26,texnet2018onbd,final,08:51:31,0.9,29.0067,-97.8905,Central Texas
2018-07-27,,,,0.0,,,
2018-07-28,,,,0.0,,,
2018-07-29,,,,0.0,,,
2018-07-30,,,,0.0,,,
2018-07-31,,,,0.0,,,
2018-08-01,,,,0.0,,,
2018-08-02,texnet2018pask,final,20:20:16,2.7,29.1568,-97.6692,Central Texas
2018-08-03,,,,0.0,,,
2018-08-04,,,,0.0,,,
2018-08-05,,,,0.0,,,
2018-08-06,,,,0.0,,,
2018-08-07,,,,0.0,,,
2018-08-08,texnet2018pkrq,final,07:17:55,1.4,28.9078,-98.089,Southern Texas
2018-08-09,,,,0.0,,,
2018-08-10,,,,0.0,,,
2018-08-11,,,,0.0,,,
2018-08-12,,,,0.0,,,
2018-08-13,,,,0.0,,,
2018-08-14,,,,0.0,,,
2018-08-15,,,,0.0,,,
2018-08-16,texnet2018pzzl,final,16:18:22,1.3,29.0277,-97.8109,Central Texas
2018-08-16,texnet2018qaga,final,19:38:17,1.7,29.0598,-97.9029,Central Texas
2018-08-17,,,,0.0,,,
2018-08-18,,,,0.0,,,
2018-08-19,,,,0.0,,,
2018-08-20,,,,0.0,,,
2018-08-21,,,,0.0,,,
2018-08-22,,,,0.0,,,
2018-08-23,,,,0.0,,,
2018-08-24,texnet2018qnsb,final,04:27:29,2.4,29.1385,-97.7127,Central Texas
2018-08-25,,,,0.0,,,
2018-08-26,,,,0.0,,,
2018-08-27,,,,0.0,,,
2018-08-28,,,,0.0,,,
2018-08-29,,,,0.0,,,
2018-08-30,,,,0.0,,,
2018-08-31,,,,0.0,,,
2018-09-01,texnet2018rcbp,final,01:12:59,1.4,29.0286,-97.8429,Central Texas
2018-09-02,,,,0.0,,,
2018-09-03,texnet2018rggh,final,08:06:30,1.5,28.9957,-97.9526,Near Coast of Texas
2018-09-04,,,,0.0,,,
2018-09-05,texnet2018rkiw,final,13:53:47,2.1,29.1312,-97.6568,Central Texas
2018-09-06,,,,0.0,,,
2018-09-07,,,,0.0,,,
2018-09-08,,,,0.0,,,
2018-09-09,,,,0.0,,,
2018-09-10,,,,0.0,,,
2018-09-11,,,,0.0,,,
2018-09-12,,,,0.0,,,
2018-09-13,,,,0.0,,,
2018-09-14,,,,0.0,,,
2018-09-15,,,,0.0,,,
2018-09-16,,,,0.0,,,
2018-09-17,,,,0.0,,,
2018-09-18,,,,0.0,,,
2018-09-19,,,,0.0,,,
2018-09-20,,,,0.0,,,
2018-09-21,,,,0.0,,,
2018-09-22,texnet2018somq,final,01:56:19,1.7,29.0488,-97.8554,Central Texas
2018-09-23,,,,0.0,,,
2018-09-24,,,,0.0,,,
2018-09-25,,,,0.0,,,
2018-09-26,,,,0.0,,,
2018-09-27,,,,0.0,,,
2018-09-28,,,,0.0,,,
2018-09-29,texnet2018tbmm,final,04:37:53,2.6,28.8986,-98.1614,Southern Texas
2018-09-30,,,,0.0,,,
2018-10-01,,,,0.0,,,
2018-10-02,,,,0.0,,,
2018-10-03,,,,0.0,,,
2018-10-04,,,,0.0,,,
2018-10-05,,,,0.0,,,
2018-10-06,,,,0.0,,,
2018-10-07,,,,0.0,,,
2018-10-08,,,,0.0,,,
2018-10-09,,,,0.0,,,
2018-10-10,,,,0.0,,,
2018-10-11,,,,0.0,,,
2018-10-12,,,,0.0,,,
2018-10-13,,,,0.0,,,
2018-10-14,,,,0.0,,,
2018-10-15,,,,0.0,,,
2018-10-16,,,,0.0,,,
2018-10-17,,,,0.0,,,
2018-10-18,,,,0.0,,,
2018-10-19,,,,0.0,,,
2018-10-20,,,,0.0,,,
2018-10-21,,,,0.0,,,
2018-10-22,,,,0.0,,,
2018-10-23,,,,0.0,,,
2018-10-24,,,,0.0,,,
2018-10-25,,,,0.0,,,
2018-10-26,,,,0.0,,,
2018-10-27,,,,0.0,,,
2018-10-28,,,,0.0,,,
2018-10-29,,,,0.0,,,
2018-10-30,,,,0.0,,,
2018-10-31,,,,0.0,,,
2018-11-01,,,,0.0,,,
2018-11-02,,,,0.0,,,
2018-11-03,texnet2018vndy,final,01:01:12,2.0,29.0341,-97.8533,Central Texas
2018-11-03,texnet2018vndz,final,01:02:07,2.3,29.0433,-97.8636,Central Texas
2018-11-03,texnet2018vnei,final,01:13:16,2.0,29.0433,-97.8657,Central Texas
2018-11-03,texnet2018vnhr,final,02:54:03,1.6,28.9169,-98.0952,Southern Texas
2018-11-03,texnet2018vnsv,final,08:32:28,2.4,29.0378,-97.8616,Central Texas
2018-11-04,texnet2018vqjs,final,19:19:42,1.6,29.0396,-97.8574,Central Texas
2018-11-04,texnet2018vpdj,final,03:00:07,3.0,29.0378,-97.8926,Central Texas
2018-11-05,texnet2018vsja,final,21:15:41,2.2,29.0359,-97.8636,Central Texas
2018-11-06,,,,0.0,,,
2018-11-07,,,,0.0,,,
2018-11-08,,,,0.0,,,
2018-11-09,,,,0.0,,,
2018-11-10,,,,0.0,,,
2018-11-11,,,,0.0,,,
2018-11-12,,,,0.0,,,
2018-11-13,,,,0.0,,,
2018-11-14,,,,0.0,,,
2018-11-15,,,,0.0,,,
2018-11-16,,,,0.0,,,
2018-11-17,,,,0.0,,,
2018-11-18,,,,0.0,,,
2018-11-19,,,,0.0,,,
2018-11-20,,,,0.0,,,
2018-11-21,,,,0.0,,,
2018-11-22,,,,0.0,,,
2018-11-23,texnet2018wyvx,final,16:07:07,1.7,29.0671,-97.8264,Central Texas
2018-11-23,texnet2018wxrv,final,00:55:30,2.3,29.0268,-97.8802,Central Texas
2018-11-24,,,,0.0,,,
2018-11-25,,,,0.0,,,
2018-11-26,texnet2018xehq,final,15:43:58,1.6,29.0121,-97.8636,Central Texas
2018-11-27,,,,0.0,,,
2018-11-28,,,,0.0,,,
2018-11-29,,,,0.0,,,
2018-11-30,,,,0.0,,,
2018-12-01,,,,0.0,,,
2018-12-02,,,,0.0,,,
2018-12-03,,,,0.0,,,
2018-12-04,,,,0.0,,,
2018-12-05,,,,0.0,,,
2018-12-06,,,,0.0,,,
2018-12-07,,,,0.0,,,
2018-12-08,,,,0.0,,,
2018-12-09,,,,0.0,,,
2018-12-10,,,,0.0,,,
2018-12-11,,,,0.0,,,
2018-12-12,,,,0.0,,,
2018-12-13,,,,0.0,,,
2018-12-14,,,,0.0,,,
2018-12-15,,,,0.0,,,
2018-12-16,,,,0.0,,,
2018-12-17,,,,0.0,,,
2018-12-18,,,,0.0,,,
2018-12-19,,,,0.0,,,
2018-12-20,texnet2018ywij,final,18:04:18,2.1,29.0103,-97.9112,Central Texas
2018-12-21,texnet2018yyol,final,23:25:14,1.6,29.0103,-97.8884,Central Texas
2018-12-21,texnet2018yyng,final,22:49:43,1.3,29.0103,-97.9029,Central Texas
2018-12-21,texnet2018yyil,final,20:22:53,1.6,29.0085,-97.9029,Central Texas
2018-12-21,texnet2018yyhl,final,19:52:48,1.5,29.0204,-97.9143,Central Texas
2018-12-21,texnet2018yygn,final,19:25:19,1.8,29.0195,-97.9112,Central Texas
2018-12-21,texnet2018yyjk,final,20:55:51,1.4,29.0103,-97.9029,Central Texas
2018-12-21,texnet2018yyby,final,17:06:54,1.5,29.0094,-97.9184,Central Texas
2018-12-21,texnet2018yybh,final,16:46:17,1.7,28.9865,-97.9277,Near Coast of Texas
2018-12-21,texnet2018yyax,final,16:37:06,1.6,29.0021,-97.9019,Central Texas
2018-12-21,texnet2018yxyy,final,15:35:38,1.2,29.0021,-97.8771,Central Texas
2018-12-21,texnet2018yxrz,final,12:03:54,1.5,29.0158,-97.8864,Central Texas
2018-12-21,texnet2018yydy,final,18:08:04,1.3,28.9984,-97.9102,Near Coast of Texas
2018-12-22,texnet2018yzie,final,09:23:12,1.9,29.0103,-97.9277,Central Texas
2018-12-22,texnet2018yzxn,final,17:08:23,1.8,29.014,-97.8698,Central Texas
2018-12-22,texnet2018yzxd,final,16:57:31,1.5,29.0121,-97.9091,Central Texas
2018-12-22,texnet2018yzwy,final,16:50:31,1.8,29.0323,-97.7209,Central Texas
2018-12-22,texnet2018yztf,final,14:57:28,1.5,29.0094,-97.9143,Central Texas
2018-12-22,texnet2018yzlo,final,11:06:29,1.1,28.9774,-97.8429,Near Coast of Texas
2018-12-22,texnet2018yzke,final,10:24:14,1.2,28.9975,-97.8946,Near Coast of Texas
2018-12-22,texnet2018yzjx,final,10:16:58,1.1,28.9902,-97.9153,Near Coast of Texas
2018-12-22,texnet2018yzih,final,09:26:47,2.2,29.0131,-97.9184,Central Texas
2018-12-22,texnet2018yzev,final,07:41:52,3.1,29.0067,-97.9277,Central Texas
2018-12-22,texnet2018yznd,final,11:53:58,1.7,29.0167,-97.9184,Central Texas
2018-12-22,texnet2018yzcj,final,06:27:32,1.5,28.9902,-97.9215,Near Coast of Texas
2018-12-22,texnet2018yzdg,final,06:53:42,1.4,28.9664,-97.8884,Near Coast of Texas
2018-12-22,texnet2018yyrf,final,00:48:56,1.3,28.9828,-97.8926,Near Coast of Texas
2018-12-22,texnet2018yyro,final,00:59:32,1.4,29.0213,-97.9133,Central Texas
2018-12-22,texnet2018yyud,final,02:17:26,3.1,29.0213,-97.9166,Central Texas
2018-12-22,texnet2018yywy,final,03:43:01,1.7,29.0012,-97.9029,Central Texas
2018-12-22,texnet2018yyzs,final,05:07:28,1.0,28.9865,-97.9257,Near Coast of Texas
2018-12-22,texnet2018yzmh,final,11:27:52,1.4,29.0195,-97.9091,Central Texas
2018-12-22,texnet2018yzam,final,05:30:30,1.4,29.0067,-97.9174,Central Texas
2018-12-22,texnet2018yzao,final,05:32:48,3.3,29.014,-97.9195,Central Texas
2018-12-22,texnet2018yzba,final,05:46:10,1.9,29.0213,-97.9112,Central Texas
2018-12-22,texnet2018yzbd,final,05:49:49,1.8,29.014,-97.9298,Central Texas
2018-12-22,texnet2018yzch,final,06:24:39,0.9,29.003,-97.8843,Central Texas
2018-12-23,,,,0.0,,,
2018-12-24,texnet2018zckt,final,02:06:09,1.1,29.0167,-97.9267,Central Texas
2018-12-24,texnet2018zcpj,final,04:26:07,1.2,28.9957,-97.9112,Near Coast of Texas
2018-12-25,texnet2018zfsd,final,21:14:42,1.3,28.9865,-97.9298,Near Coast of Texas
2018-12-26,,,,0.0,,,
2018-12-27,,,,0.0,,,
2018-12-28,texnet2018zjtr,final,02:34:34,1.7,28.7704,-98.0497,Southern Texas
2018-12-28,texnet2018zkpr,final,13:40:48,2.2,28.7778,-98.058,Southern Texas
2018-12-28,texnet2018zley,final,21:23:55,1.4,29.0067,-97.9381,Central Texas
2018-12-29,,,,0.0,,,
2018-12-30,,,,0.0,,,
2018-12-31,texnet2018zqby,final,13:32:46,1.9,29.0121,-97.9236,Central Texas
2018-12-31,texnet2018zqdr,final,14:25:52,1.8,28.9938,-97.9277,Near Coast of Texas
2019-01-01,,,,0.0,,,
2019-01-02,,,,0.0,,,
2019-01-03,,,,0.0,,,
2019-01-04,texnet2019afou,final,01:08:50,1.6,28.9865,-97.9174,Near Coast of Texas
2019-01-05,,,,0.0,,,
2019-01-06,,,,0.0,,,
2019-01-07,,,,0.0,,,
2019-01-08,,,,0.0,,,
2019-01-09,,,,0.0,,,
2019-01-10,,,,0.0,,,
2019-01-11,,,,0.0,,,
2019-01-12,,,,0.0,,,
2019-01-13,,,,0.0,,,
2019-01-14,,,,0.0,,,
2019-01-15,,,,0.0,,,
2019-01-16,,,,0.0,,,
2019-01-17,,,,0.0,,,
2019-01-18,,,,0.0,,,
2019-01-19,,,,0.0,,,
2019-01-20,,,,0.0,,,
2019-01-21,,,,0.0,,,
2019-01-22,,,,0.0,,,
2019-01-23,,,,0.0,,,
2019-01-24,,,,0.0,,,
2019-01-25,,,,0.0,,,
2019-01-26,,,,0.0,,,
2019-01-27,,,,0.0,,,
2019-01-28,,,,0.0,,,
2019-01-29,,,,0.0,,,
2019-01-30,,,,0.0,,,
2019-01-31,,,,0.0,,,
2019-02-01,,,,0.0,,,
2019-02-02,,,,0.0,,,
2019-02-03,,,,0.0,,,
2019-02-04,,,,0.0,,,
2019-02-05,,,,0.0,,,
2019-02-06,,,,0.0,,,
2019-02-07,,,,0.0,,,
2019-02-08,,,,0.0,,,
2019-02-09,,,,0.0,,,
2019-02-10,,,,0.0,,,
2019-02-11,,,,0.0,,,
2019-02-12,,,,0.0,,,
2019-02-13,,,,0.0,,,
2019-02-14,,,,0.0,,,
2019-02-15,,,,0.0,,,
2019-02-16,,,,0.0,,,
2019-02-17,texnet2019diqy,final,10:15:04,1.9,28.9774,-97.9588,Near Coast of Texas
2019-02-17,texnet2019ditw,final,11:44:15,2.1,28.9755,-97.9381,Near Coast of Texas
2019-02-17,texnet2019dici,final,02:52:41,2.4,28.9719,-97.9484,Near Coast of Texas
2019-02-17,texnet2019dine,final,08:20:54,2.0,28.9719,-97.9401,Near Coast of Texas
2019-02-17,texnet2019dhzt,final,01:33:34,2.2,28.9755,-97.9588,Near Coast of Texas
2019-02-18,texnet2019djyu,final,03:21:29,2.0,28.9645,-97.9608,Near Coast of Texas
2019-02-18,texnet2019dlah,final,17:24:56,1.6,28.9334,-98.0105,Southern Texas
2019-02-18,texnet2019dlaq,final,17:25:15,1.6,28.9426,-98.0291,Southern Texas
2019-02-18,texnet2019djyg,final,03:05:24,1.9,28.9297,-97.9856,Near Coast of Texas
2019-02-19,texnet2019dmcb,final,07:16:41,1.8,28.9316,-97.9732,Near Coast of Texas
2019-02-19,texnet2019dmcr,final,07:35:43,1.6,28.9426,-97.9918,Near Coast of Texas
2019-02-20,,,,0.0,,,
2019-02-21,,,,0.0,,,
2019-02-22,texnet2019drdu,final,01:50:09,1.9,28.9792,-98.0084,Southern Texas
2019-02-22,texnet2019dsgo,final,16:22:23,2.6,29.0414,-97.8636,Central Texas
2019-02-23,texnet2019dtch,final,03:21:20,1.4,28.9517,-97.9463,Near Coast of Texas
2019-02-24,,,,0.0,,,
2019-02-25,,,,0.0,,,
2019-02-26,,,,0.0,,,
2019-02-27,,,,0.0,,,
2019-02-28,,,,0.0,,,
2019-03-01,,,,0.0,,,
2019-03-02,,,,0.0,,,
2019-03-03,,,,0.0,,,
2019-03-04,,,,0.0,,,
2019-03-05,,,,0.0,,,
2019-03-06,,,,0.0,,,
2019-03-07,,,,0.0,,,
2019-03-08,,,,0.0,,,
2019-03-09,,,,0.0,,,
2019-03-10,texnet2019evuy,final,20:35:09,1.9,29.1055,-97.7044,Central Texas
2019-03-10,texnet2019evws,final,21:28:26,1.1,29.122,-97.7065,Central Texas
2019-03-11,texnet2019ewxq,final,11:04:39,1.9,29.1183,-97.7023,Central Texas
2019-03-11,texnet2019ewip,final,03:28:44,1.1,29.1183,-97.7044,Central Texas
2019-03-11,texnet2019ewjr,final,04:01:19,1.4,29.122,-97.7003,Central Texas
2019-03-11,texnet2019ewsb,final,08:16:04,2.0,29.1193,-97.7034,Central Texas
2019-03-11,texnet2019ewuj,final,09:25:36,1.7,29.1229,-97.7034,Central Texas
2019-03-11,texnet2019excu,final,13:40:53,1.4,29.1238,-97.7003,Central Texas
2019-03-11,texnet2019exey,final,14:46:09,1.7,29.1266,-97.6951,Central Texas
2019-03-12,texnet2019eylz,final,07:27:43,1.5,29.1238,-97.7023,Central Texas
2019-03-12,texnet2019exxq,final,00:13:13,1.4,29.1275,-97.6982,Central Texas
2019-03-12,texnet2019eycc,final,02:27:54,1.6,29.1257,-97.7044,Central Texas
2019-03-12,texnet2019eyky,final,06:56:10,1.6,29.122,-97.7065,Central Texas
2019-03-13,texnet2019ezxw,final,02:36:51,2.1,29.0369,-97.8791,Central Texas
2019-03-14,texnet2019fbom,final,00:07:39,1.7,29.0213,-97.8781,Central Texas
2019-03-15,,,,0.0,,,
2019-03-16,texnet2019fgur,final,20:55:49,2.6,29.0268,-97.8905,Central Texas
2019-03-16,texnet2019fgva,final,21:07:24,2.0,29.0067,-97.8884,Central Texas
2019-03-17,texnet2019fhlz,final,05:42:20,1.5,28.9371,-97.8037,Near Coast of Texas
2019-03-17,texnet2019fhpi,final,07:22:58,1.7,28.981,-97.8698,Near Coast of Texas
2019-03-17,texnet2019fhqk,final,07:54:44,1.7,29.0341,-97.8967,Central Texas
2019-03-17,texnet2019fhsd,final,08:47:20,2.4,29.0176,-97.8781,Central Texas
2019-03-18,texnet2019fjbg,final,02:32:05,2.2,29.1229,-97.6951,Central Texas
2019-03-18,texnet2019fjis,final,06:18:30,1.7,28.9993,-97.8678,Near Coast of Texas
2019-03-18,texnet2019fjvp,final,12:49:22,2.0,29.0048,-97.9029,Central Texas
2019-03-18,texnet2019fkag,final,15:10:29,1.7,28.9572,-97.8491,Near Coast of Texas
2019-03-19,texnet2019flaa,final,04:11:28,1.5,29.0268,-97.8905,Central Texas
2019-03-19,texnet2019fltx,final,14:13:46,1.7,29.0286,-97.8616,Central Texas
2019-03-19,texnet2019fmjf,final,21:58:01,1.9,29.0048,-97.8967,Central Texas
2019-03-20,texnet2019fnwf,final,17:40:04,1.8,28.9929,-97.9122,Near Coast of Texas
2019-03-20,texnet2019fmun,final,03:40:27,1.6,29.0067,-97.9091,Central Texas
2019-03-21,texnet2019fptd,final,18:23:35,2.5,29.0067,-97.9009,Central Texas
2019-03-22,texnet2019fqtg,final,07:34:55,1.5,29.0012,-97.905,Central Texas
2019-03-23,texnet2019fsum,final,10:28:50,2.7,29.025,-97.8926,Central Texas
2019-03-23,texnet2019fsvb,final,10:45:39,2.0,29.0103,-97.8926,Central Texas
2019-03-23,texnet2019fsyl,final,12:28:58,1.3,28.9993,-97.8884,Near Coast of Texas
2019-03-23,texnet2019ftgu,final,16:41:58,1.8,29.0048,-97.8884,Central Texas
2019-03-24,texnet2019fueq,final,04:44:27,1.8,29.025,-97.9236,Central Texas
2019-03-24,texnet2019fumt,final,08:51:01,1.5,29.014,-97.8926,Central Texas
2019-03-25,,,,0.0,,,
2019-03-26,,,,0.0,,,
2019-03-27,,,,0.0,,,
2019-03-28,,,,0.0,,,
2019-03-29,,,,0.0,,,
2019-03-30,texnet2019ggjo,final,20:51:53,1.7,28.8785,-97.8285,Near Coast of Texas
2019-03-31,texnet2019gigs,final,21:41:07,1.4,29.0359,-97.9153,Central Texas
2019-04-01,,,,0.0,,,
2019-04-02,texnet2019glqq,final,18:07:09,1.9,29.0195,-97.8946,Central Texas
2019-04-03,,,,0.0,,,
2019-04-04,,,,0.0,,,
2019-04-05,,,,0.0,,,
2019-04-06,,,,0.0,,,
2019-04-07,,,,0.0,,,
2019-04-08,,,,0.0,,,
2019-04-09,,,,0.0,,,
2019-04-10,,,,0.0,,,
2019-04-11,,,,0.0,,,
2019-04-12,,,,0.0,,,
2019-04-13,,,,0.0,,,
2019-04-14,,,,0.0,,,
2019-04-15,,,,0.0,,,
2019-04-16,,,,0.0,,,
2019-04-17,,,,0.0,,,
2019-04-18,,,,0.0,,,
2019-04-19,,,,0.0,,,
2019-04-20,,,,0.0,,,
2019-04-21,texnet2019hueh,final,15:38:24,1.4,29.1193,-97.815,Central Texas
2019-04-22,,,,0.0,,,
2019-04-23,,,,0.0,,,
2019-04-24,,,,0.0,,,
2019-04-25,,,,0.0,,,
2019-04-26,,,,0.0,,,
2019-04-27,texnet2019ifft,final,16:52:02,1.7,29.1238,-97.6382,Central Texas
2019-04-28,,,,0.0,,,
2019-04-29,,,,0.0,,,
2019-04-30,,,,0.0,,,
2019-05-01,,,,0.0,,,
2019-05-02,,,,0.0,,,
2019-05-03,,,,0.0,,,
2019-05-04,texnet2019irre,final,12:16:05,1.9,28.9993,-97.9133,Near Coast of Texas
2019-05-04,texnet2019irua,final,13:42:42,2.3,29.0067,-97.9071,Central Texas
2019-05-05,texnet2019itub,final,16:00:10,2.1,29.0067,-97.905,Central Texas
2019-05-06,,,,0.0,,,
2019-05-07,,,,0.0,,,
2019-05-08,,,,0.0,,,
2019-05-09,,,,0.0,,,
2019-05-10,texnet2019jczf,final,16:49:30,3.2,29.0195,-97.8926,Central Texas
2019-05-10,texnet2019jdke,final,22:21:47,1.8,29.0305,-97.8905,Central Texas
2019-05-10,texnet2019jcrn,final,12:56:34,2.7,29.0268,-97.8988,Central Texas
2019-05-10,texnet2019jddo,final,19:01:21,2.7,29.0167,-97.8895,Central Texas
2019-05-10,texnet2019jdec,final,19:17:58,2.1,28.9957,-97.8946,Near Coast of Texas
2019-05-11,,,,0.0,,,
2019-05-12,texnet2019jfsy,final,05:04:21,1.7,29.1165,-97.6589,Central Texas
2019-05-13,,,,0.0,,,
2019-05-14,,,,0.0,,,
2019-05-15,,,,0.0,,,
2019-05-16,,,,0.0,,,
2019-05-17,,,,0.0,,,
2019-05-18,,,,0.0,,,
2019-05-19,,,,0.0,,,
2019-05-20,,,,0.0,,,
2019-05-21,,,,0.0,,,
2019-05-22,,,,0.0,,,
2019-05-23,,,,0.0,,,
2019-05-24,,,,0.0,,,
2019-05-25,,,,0.0,,,
2019-05-26,,,,0.0,,,
2019-05-27,,,,0.0,,,
2019-05-28,,,,0.0,,,
2019-05-29,,,,0.0,,,
2019-05-30,,,,0.0,,,
2019-05-31,,,,0.0,,,
2019-06-01,,,,0.0,,,
2019-06-02,,,,0.0,,,
2019-06-03,,,,0.0,,,
2019-06-04,,,,0.0,,,
2019-06-05,,,,0.0,,,
2019-06-06,,,,0.0,,,
2019-06-07,,,,0.0,,,
2019-06-08,,,,0.0,,,
2019-06-09,,,,0.0,,,
2019-06-10,,,,0.0,,,
2019-06-11,,,,0.0,,,
2019-06-12,,,,0.0,,,
2019-06-13,,,,0.0,,,
2019-06-14,,,,0.0,,,
2019-06-15,,,,0.0,,,
2019-06-16,texnet2019lrjs,final,01:05:28,2.8,28.959,-97.9877,Near Coast of Texas
2019-06-16,texnet2019lrjt,final,01:07:17,3.7,28.9627,-97.9898,Near Coast of Texas
2019-06-17,,,,0.0,,,
2019-06-18,,,,0.0,,,
2019-06-19,texnet2019lxyh,final,15:17:24,1.6,28.9957,-97.9257,Near Coast of Texas
2019-06-20,,,,0.0,,,
2019-06-21,,,,0.0,,,
2019-06-22,,,,0.0,,,
2019-06-23,,,,0.0,,,
2019-06-24,,,,0.0,,,
2019-06-25,,,,0.0,,,
2019-06-26,,,,0.0,,,
2019-06-27,,,,0.0,,,
2019-06-28,,,,0.0,,,
2019-06-29,,,,0.0,,,
2019-06-30,,,,0.0,,,
2019-07-01,texnet2019mtol,final,11:18:26,1.8,29.014,-97.9195,Central Texas
2019-07-01,texnet2019muir,final,21:31:50,1.8,29.0076,-97.937,Central Texas
2019-07-02,texnet2019mvdc,final,07:51:27,2.5,29.0103,-97.9277,Central Texas
2019-07-03,,,,0.0,,,
2019-07-04,,,,0.0,,,
2019-07-05,,,,0.0,,,
2019-07-06,,,,0.0,,,
2019-07-07,,,,0.0,,,
2019-07-08,,,,0.0,,,
2019-07-09,,,,0.0,,,
2019-07-10,,,,0.0,,,
2019-07-11,,,,0.0,,,
2019-07-12,,,,0.0,,,
2019-07-13,,,,0.0,,,
2019-07-14,,,,0.0,,,
2019-07-15,,,,0.0,,,
2019-07-16,,,,0.0,,,
2019-07-17,,,,0.0,,,
2019-07-18,texnet2019nylh,final,08:55:34,1.8,28.9023,-98.1097,Southern Texas
2019-07-18,texnet2019nysw,final,12:46:06,1.9,28.9005,-98.1118,Southern Texas
2019-07-19,texnet2019oafa,final,08:01:57,1.8,28.9096,-98.1221,Southern Texas
2019-07-19,texnet2019oafe,final,08:07:19,2.0,28.8986,-98.1139,Southern Texas
2019-07-19,texnet2019oaff,final,08:07:50,1.7,28.8812,-98.117,Southern Texas
2019-07-20,,,,0.0,,,
2019-07-21,,,,0.0,,,
2019-07-22,,,,0.0,,,
2019-07-23,,,,0.0,,,
2019-07-24,,,,0.0,,,
2019-07-25,,,,0.0,,,
2019-07-26,,,,0.0,,,
2019-07-27,,,,0.0,,,
2019-07-28,,,,0.0,,,
2019-07-29,,,,0.0,,,
2019-07-30,texnet2019ousa,final,13:19:58,1.8,29.1293,-97.6816,Central Texas
2019-07-31,texnet2019ovzf,final,06:05:15,1.8,29.1385,-97.6734,Central Texas
2019-08-01,,,,0.0,,,
2019-08-02,,,,0.0,,,
2019-08-03,,,,0.0,,,
2019-08-04,,,,0.0,,,
2019-08-05,,,,0.0,,,
2019-08-06,,,,0.0,,,
2019-08-07,,,,0.0,,,
2019-08-08,,,,0.0,,,
2019-08-09,texnet2019pncu,final,15:13:20,2.4,28.9389,-98.0684,Southern Texas
2019-08-09,texnet2019pmkr,final,06:03:19,1.8,28.9517,-98.0373,Southern Texas
2019-08-10,texnet2019pocg,final,04:04:57,2.2,28.9609,-98.0063,Southern Texas
2019-08-11,,,,0.0,,,
2019-08-12,,,,0.0,,,
2019-08-13,,,,0.0,,,
2019-08-14,,,,0.0,,,
2019-08-15,texnet2019pwyw,final,00:35:41,2.2,28.9151,-98.1056,Southern Texas
2019-08-16,,,,0.0,,,
2019-08-17,,,,0.0,,,
2019-08-18,,,,0.0,,,
2019-08-19,texnet2019qevj,final,07:53:44,1.8,28.9581,-97.9887,Near Coast of Texas
2019-08-20,,,,0.0,,,
2019-08-21,texnet2019qiyv,final,14:12:12,2.0,29.0369,-97.8791,Central Texas
2019-08-22,,,,0.0,,,
2019-08-23,texnet2019qmzc,final,18:53:22,2.1,28.9609,-97.9836,Near Coast of Texas
2019-08-24,,,,0.0,,,
2019-08-25,,,,0.0,,,
2019-08-26,,,,0.0,,,
2019-08-27,,,,0.0,,,
2019-08-28,,,,0.0,,,
2019-08-29,,,,0.0,,,
2019-08-30,,,,0.0,,,
2019-08-31,,,,0.0,,,
2019-09-01,,,,0.0,,,
2019-09-02,texnet2019rfnf,final,22:27:34,1.9,29.1348,-97.6403,Central Texas
2019-09-03,,,,0.0,,,
2019-09-04,,,,0.0,,,
2019-09-05,,,,0.0,,,
2019-09-06,,,,0.0,,,
2019-09-07,,,,0.0,,,
2019-09-08,,,,0.0,,,
2019-09-09,,,,0.0,,,
2019-09-10,,,,0.0,,,
2019-09-11,,,,0.0,,,
2019-09-12,,,,0.0,,,
2019-09-13,,,,0.0,,,
2019-09-14,,,,0.0,,,
2019-09-15,,,,0.0,,,
2019-09-16,,,,0.0,,,
2019-09-17,,,,0.0,,,
2019-09-18,,,,0.0,,,
2019-09-19,,,,0.0,,,
2019-09-20,,,,0.0,,,
2019-09-21,,,,0.0,,,
2019-09-22,,,,0.0,,,
2019-09-23,,,,0.0,,,
2019-09-24,,,,0.0,,,
2019-09-25,,,,0.0,,,
2019-09-26,,,,0.0,,,
2019-09-27,,,,0.0,,,
2019-09-28,,,,0.0,,,
2019-09-29,,,,0.0,,,
2019-09-30,,,,0.0,,,
2019-10-01,,,,0.0,,,
2019-10-02,texnet2019thvw,final,16:11:11,2.2,28.9948,-97.8729,Near Coast of Texas
2019-10-03,,,,0.0,,,
2019-10-04,,,,0.0,,,
2019-10-05,,,,0.0,,,
2019-10-06,,,,0.0,,,
2019-10-07,,,,0.0,,,
2019-10-08,,,,0.0,,,
2019-10-09,,,,0.0,,,
2019-10-10,,,,0.0,,,
2019-10-11,,,,0.0,,,
2019-10-12,texnet2019tztv,final,11:36:19,1.8,28.8922,-98.1004,Southern Texas
2019-10-13,,,,0.0,,,
2019-10-14,,,,0.0,,,
2019-10-15,,,,0.0,,,
2019-10-16,,,,0.0,,,
2019-10-17,,,,0.0,,,
2019-10-18,,,,0.0,,,
2019-10-19,,,,0.0,,,
2019-10-20,,,,0.0,,,
2019-10-21,,,,0.0,,,
2019-10-22,,,,0.0,,,
2019-10-23,,,,0.0,,,
2019-10-24,,,,0.0,,,
2019-10-25,,,,0.0,,,
2019-10-26,,,,0.0,,,
2019-10-27,,,,0.0,,,
2019-10-28,,,,0.0,,,
2019-10-29,,,,0.0,,,
2019-10-30,,,,0.0,,,
2019-10-31,,,,0.0,,,
2019-11-01,,,,0.0,,,
2019-11-02,,,,0.0,,,
2019-11-03,,,,0.0,,,
2019-11-04,,,,0.0,,,
2019-11-05,,,,0.0,,,
2019-11-06,,,,0.0,,,
2019-11-07,texnet2019vuxf,final,06:41:30,1.9,28.884,-98.1014,Southern Texas
2019-11-08,,,,0.0,,,
2019-11-09,,,,0.0,,,
2019-11-10,,,,0.0,,,
2019-11-11,,,,0.0,,,
2019-11-12,,,,0.0,,,
2019-11-13,,,,0.0,,,
2019-11-14,,,,0.0,,,
2019-11-15,,,,0.0,,,
2019-11-16,,,,0.0,,,
2019-11-17,,,,0.0,,,
2019-11-18,,,,0.0,,,
2019-11-19,,,,0.0,,,
2019-11-20,,,,0.0,,,
2019-11-21,texnet2019wupm,final,08:19:54,2.4,28.9536,-97.9836,Near Coast of Texas
2019-11-21,texnet2019wvkm,final,18:56:50,1.7,28.959,-98.0663,Southern Texas
2019-11-22,,,,0.0,,,
2019-11-23,,,,0.0,,,
2019-11-24,,,,0.0,,,
2019-11-25,,,,0.0,,,
2019-11-26,,,,0.0,,,
2019-11-27,,,,0.0,,,
2019-11-28,,,,0.0,,,
2019-11-29,,,,0.0,,,
2019-11-30,,,,0.0,,,
2019-12-01,,,,0.0,,,
2019-12-02,,,,0.0,,,
2019-12-03,,,,0.0,,,
2019-12-04,,,,0.0,,,
2019-12-05,,,,0.0,,,
2019-12-06,,,,0.0,,,
2019-12-07,,,,0.0,,,
2019-12-08,,,,0.0,,,
2019-12-09,,,,0.0,,,
2019-12-10,,,,0.0,,,
2019-12-11,,,,0.0,,,
2019-12-12,,,,0.0,,,
2019-12-13,,,,0.0,,,
2019-12-14,,,,0.0,,,
2019-12-15,,,,0.0,,,
2019-12-16,,,,0.0,,,
2019-12-17,,,,0.0,,,
2019-12-18,,,,0.0,,,
2019-12-19,,,,0.0,,,
2019-12-20,texnet2019yvpu,final,08:41:06,2.5,28.9984,-97.9267,Near Coast of Texas
2019-12-21,texnet2019yxlq,final,08:52:06,2.1,28.9948,-97.9432,Near Coast of Texas
2019-12-22,,,,0.0,,,
2019-12-23,,,,0.0,,,
2019-12-24,,,,0.0,,,
2019-12-25,,,,0.0,,,
2019-12-26,,,,0.0,,,
2019-12-27,,,,0.0,,,
2019-12-28,texnet2019zkwg,final,16:59:44,2.3,28.9883,-97.9401,Near Coast of Texas
2019-12-28,texnet2019zkns,final,12:41:33,2.4,29.0524,-97.8512,Central Texas
2019-12-28,texnet2019zkne,final,12:24:47,1.7,29.0497,-97.8357,Central Texas
2019-12-28,texnet2019zkrk,final,14:32:52,1.8,28.9865,-97.9381,Near Coast of Texas
2019-12-29,,,,0.0,,,
2019-12-30,texnet2019zore,final,18:58:38,2.1,29.0515,-97.8378,Central Texas
2019-12-31,,,,0.0,,,
2020-01-01,,,,0.0,,,
2020-01-02,,,,0.0,,,
2020-01-03,texnet2020aeyr,final,17:00:23,1.9,29.1055,-97.785,Central Texas
2020-01-04,,,,0.0,,,
2020-01-05,,,,0.0,,,
2020-01-06,,,,0.0,,,
2020-01-07,texnet2020amsc,final,22:46:29,3.0,28.9948,-97.9432,Near Coast of Texas
2020-01-07,texnet2020amsf,final,22:49:45,2.1,28.9865,-97.9463,Near Coast of Texas
2020-01-08,,,,0.0,,,
2020-01-09,,,,0.0,,,
2020-01-10,,,,0.0,,,
2020-01-11,,,,0.0,,,
2020-01-12,texnet2020auud,final,08:53:02,1.8,28.8611,-98.0859,Southern Texas
2020-01-12,texnet2020auxq,final,10:39:45,2.0,28.9105,-98.1376,Southern Texas
2020-01-13,,,,0.0,,,
2020-01-14,,,,0.0,,,
2020-01-15,,,,0.0,,,
2020-01-16,texnet2020bbxg,final,06:25:19,2.1,28.9151,-98.1387,Southern Texas
2020-01-16,texnet2020bcdy,final,09:47:47,2.4,28.9197,-98.1273,Southern Texas
2020-01-17,,,,0.0,,,
2020-01-18,texnet2020bfwv,final,10:45:16,2.0,28.9224,-98.1304,Southern Texas
2020-01-19,,,,0.0,,,
2020-01-20,,,,0.0,,,
2020-01-21,,,,0.0,,,
2020-01-22,texnet2020bnzx,final,21:23:39,2.5,29.0579,-97.8326,Central Texas
2020-01-23,texnet2020boym,final,09:49:01,1.9,29.0579,-97.8264,Central Texas
2020-01-24,,,,0.0,,,
2020-01-25,,,,0.0,,,
2020-01-26,texnet2020bvfx,final,20:22:25,2.1,29.014,-97.8988,Central Texas
2020-01-27,,,,0.0,,,
2020-01-28,texnet2020bxkg,final,00:50:29,1.9,28.9993,-97.9236,Near Coast of Texas
2020-01-29,,,,0.0,,,
2020-01-30,,,,0.0,,,
2020-01-31,,,,0.0,,,
2020-02-01,,,,0.0,,,
2020-02-02,,,,0.0,,,
2020-02-03,,,,0.0,,,
2020-02-04,texnet2020clgv,final,15:01:04,2.4,28.8913,-98.058,Southern Texas
2020-02-04,texnet2020clha,final,15:07:17,2.2,28.8876,-98.0539,Southern Texas
2020-02-05,,,,0.0,,,
2020-02-06,,,,0.0,,,
2020-02-07,,,,0.0,,,
2020-02-08,,,,0.0,,,
2020-02-09,,,,0.0,,,
2020-02-10,,,,0.0,,,
2020-02-11,,,,0.0,,,
2020-02-12,,,,0.0,,,
2020-02-13,,,,0.0,,,
2020-02-14,,,,0.0,,,
2020-02-15,,,,0.0,,,
2020-02-16,,,,0.0,,,
2020-02-17,,,,0.0,,,
2020-02-18,,,,0.0,,,
2020-02-19,,,,0.0,,,
2020-02-20,,,,0.0,,,
2020-02-21,,,,0.0,,,
2020-02-22,texnet2020dser,final,15:24:52,2.0,29.0121,-97.8967,Central Texas
2020-02-23,,,,0.0,,,
2020-02-24,,,,0.0,,,
2020-02-25,,,,0.0,,,
2020-02-26,,,,0.0,,,
2020-02-27,,,,0.0,,,
2020-02-28,,,,0.0,,,
2020-02-29,,,,0.0,,,
2020-03-01,,,,0.0,,,
2020-03-02,,,,0.0,,,
2020-03-03,,,,0.0,,,
2020-03-04,,,,0.0,,,
2020-03-05,,,,0.0,,,
2020-03-06,,,,0.0,,,
2020-03-07,,,,0.0,,,
2020-03-08,,,,0.0,,,
2020-03-09,,,,0.0,,,
2020-03-10,,,,0.0,,,
2020-03-11,,,,0.0,,,
2020-03-12,,,,0.0,,,
2020-03-13,,,,0.0,,,
2020-03-14,,,,0.0,,,
2020-03-15,,,,0.0,,,
2020-03-16,,,,0.0,,,
2020-03-17,,,,0.0,,,
2020-03-18,,,,0.0,,,
2020-03-19,,,,0.0,,,
2020-03-20,,,,0.0,,,
2020-03-21,,,,0.0,,,
2020-03-22,,,,0.0,,,
2020-03-23,,,,0.0,,,
2020-03-24,,,,0.0,,,
2020-03-25,,,,0.0,,,
2020-03-26,texnet2020fzkc,final,01:11:12,1.9,28.9316,-98.1221,Southern Texas
2020-03-27,,,,0.0,,,
2020-03-28,,,,0.0,,,
2020-03-29,,,,0.0,,,
2020-03-30,,,,0.0,,,
2020-03-31,,,,0.0,,,
2020-04-01,,,,0.0,,,
2020-04-02,,,,0.0,,,
2020-04-03,,,,0.0,,,
2020-04-04,,,,0.0,,,
2020-04-05,,,,0.0,,,
2020-04-06,,,,0.0,,,
2020-04-07,,,,0.0,,,
2020-04-08,,,,0.0,,,
2020-04-09,,,,0.0,,,
2020-04-10,,,,0.0,,,
2020-04-11,,,,0.0,,,
2020-04-12,,,,0.0,,,
2020-04-13,,,,0.0,,,
2020-04-14,,,,0.0,,,
2020-04-15,,,,0.0,,,
2020-04-16,,,,0.0,,,
2020-04-17,,,,0.0,,,
2020-04-18,texnet2020hqje,final,13:33:35,3.2,29.0204,-97.8398,Central Texas
2020-04-19,,,,0.0,,,
2020-04-20,texnet2020htpx,final,08:21:46,2.1,29.0543,-97.8512,Central Texas
2020-04-21,,,,0.0,,,
2020-04-22,,,,0.0,,,
2020-04-23,,,,0.0,,,
2020-04-24,,,,0.0,,,
2020-04-25,,,,0.0,,,
2020-04-26,,,,0.0,,,
2020-04-27,,,,0.0,,,
2020-04-28,,,,0.0,,,
2020-04-29,,,,0.0,,,
2020-04-30,,,,0.0,,,
2020-05-01,texnet2020iomm,final,18:29:23,1.8,29.1522,-97.6992,Central Texas
2020-05-02,,,,0.0,,,
2020-05-03,,,,0.0,,,
2020-05-04,,,,0.0,,,
2020-05-05,,,,0.0,,,
2020-05-06,,,,0.0,,,
2020-05-07,,,,0.0,,,
2020-05-08,,,,0.0,,,
2020-05-09,texnet2020jbts,final,00:54:34,2.3,29.0259,-97.8833,Central Texas
2020-05-10,,,,0.0,,,
2020-05-11,,,,0.0,,,
2020-05-12,,,,0.0,,,
2020-05-13,,,,0.0,,,
2020-05-14,,,,0.0,,,
2020-05-15,,,,0.0,,,
2020-05-16,,,,0.0,,,
2020-05-17,,,,0.0,,,
2020-05-18,,,,0.0,,,
2020-05-19,,,,0.0,,,
2020-05-20,,,,0.0,,,
2020-05-21,,,,0.0,,,
2020-05-22,,,,0.0,,,
2020-05-23,,,,0.0,,,
2020-05-24,,,,0.0,,,
2020-05-25,,,,0.0,,,
2020-05-26,,,,0.0,,,
2020-05-27,,,,0.0,,,
2020-05-28,,,,0.0,,,
2020-05-29,,,,0.0,,,
2020-05-30,,,,0.0,,,
2020-05-31,,,,0.0,,,
2020-06-01,,,,0.0,,,
2020-06-02,,,,0.0,,,
2020-06-03,,,,0.0,,,
2020-06-04,,,,0.0,,,
2020-06-05,,,,0.0,,,
2020-06-06,,,,0.0,,,
2020-06-07,,,,0.0,,,
2020-06-08,,,,0.0,,,
2020-06-09,,,,0.0,,,
2020-06-10,,,,0.0,,,
2020-06-11,,,,0.0,,,
2020-06-12,,,,0.0,,,
2020-06-13,,,,0.0,,,
2020-06-14,,,,0.0,,,
2020-06-15,,,,0.0,,,
2020-06-16,,,,0.0,,,
2020-06-17,,,,0.0,,,
2020-06-18,,,,0.0,,,
2020-06-19,,,,0.0,,,
2020-06-20,,,,0.0,,,
2020-06-21,,,,0.0,,,
2020-06-22,,,,0.0,,,
2020-06-23,,,,0.0,,,
2020-06-24,,,,0.0,,,
2020-06-25,,,,0.0,,,
2020-06-26,,,,0.0,,,
2020-06-27,,,,0.0,,,
2020-06-28,,,,0.0,,,
2020-06-29,,,,0.0,,,
2020-06-30,,,,0.0,,,
2020-07-01,,,,0.0,,,
2020-07-02,,,,0.0,,,
2020-07-03,,,,0.0,,,
2020-07-04,,,,0.0,,,
2020-07-05,,,,0.0,,,
2020-07-06,,,,0.0,,,
2020-07-07,,,,0.0,,,
2020-07-08,,,,0.0,,,
2020-07-09,,,,0.0,,,
2020-07-10,texnet2020nmde,final,15:12:25,2.0,29.0396,-97.8843,Central Texas
2020-07-11,,,,0.0,,,
2020-07-12,,,,0.0,,,
2020-07-13,,,,0.0,,,
2020-07-14,,,,0.0,,,
2020-07-15,,,,0.0,,,
2020-07-16,,,,0.0,,,
2020-07-17,,,,0.0,,,
2020-07-18,,,,0.0,,,
2020-07-19,,,,0.0,,,
2020-07-20,,,,0.0,,,
2020-07-21,,,,0.0,,,
2020-07-22,,,,0.0,,,
2020-07-23,,,,0.0,,,
2020-07-24,,,,0.0,,,
2020-07-25,,,,0.0,,,
2020-07-26,,,,0.0,,,
2020-07-27,,,,0.0,,,
2020-07-28,,,,0.0,,,
2020-07-29,,,,0.0,,,
2020-07-30,,,,0.0,,,
2020-07-31,,,,0.0,,,
2020-08-01,,,,0.0,,,
2020-08-02,,,,0.0,,,
2020-08-03,,,,0.0,,,
2020-08-04,,,,0.0,,,
2020-08-05,,,,0.0,,,
2020-08-06,,,,0.0,,,
2020-08-07,,,,0.0,,,
2020-08-08,,,,0.0,,,
2020-08-09,,,,0.0,,,
2020-08-10,,,,0.0,,,
2020-08-11,texnet2020psxs,final,19:27:49,1.9,29.0167,-97.8895,Central Texas
2020-08-12,texnet2020ptvl,final,07:27:43,1.9,29.0396,-97.8905,Central Texas
2020-08-13,,,,0.0,,,
2020-08-14,,,,0.0,,,
2020-08-15,,,,0.0,,,
2020-08-16,,,,0.0,,,
2020-08-17,texnet2020qdmy,final,14:31:22,2.1,28.9389,-98.1159,Southern Texas
2020-08-17,texnet2020qdqv,final,16:28:54,1.9,28.9279,-98.1242,Southern Texas
2020-08-18,texnet2020qfhj,final,13:58:46,2.0,28.9224,-98.1056,Southern Texas
2020-08-18,texnet2020qfkv,final,15:43:46,2.5,28.9224,-98.0973,Southern Texas
2020-08-18,texnet2020qfth,final,19:59:27,2.0,28.9316,-98.1221,Southern Texas
2020-08-18,texnet2020qfhh,final,13:55:42,2.8,28.9188,-98.0994,Southern Texas
2020-08-19,,,,0.0,,,
2020-08-20,,,,0.0,,,
2020-08-21,,,,0.0,,,
2020-08-22,texnet2020qmsn,final,15:33:06,1.7,28.9279,-98.1097,Southern Texas
2020-08-22,texnet2020qmju,final,11:09:00,2.1,28.9059,-98.089,Southern Texas
2020-08-22,texnet2020qmpe,final,13:51:54,2.3,28.9279,-98.1139,Southern Texas
2020-08-22,texnet2020qmqa,final,14:18:46,2.7,28.9206,-98.0766,Southern Texas
2020-08-23,texnet2020qokw,final,13:58:06,1.9,28.9169,-98.0911,Southern Texas
2020-08-23,texnet2020qolx,final,14:29:00,2.1,28.895,-98.0808,Southern Texas
2020-08-24,texnet2020qpkz,final,03:09:17,2.0,28.9288,-98.0963,Southern Texas
2020-08-24,texnet2020qprr,final,06:32:31,1.9,28.9261,-98.0911,Southern Texas
2020-08-25,texnet2020qsbs,final,13:53:41,2.5,28.9151,-98.1139,Southern Texas
2020-08-26,,,,0.0,,,
2020-08-27,,,,0.0,,,
2020-08-28,,,,0.0,,,
2020-08-29,,,,0.0,,,
2020-08-30,,,,0.0,,,
2020-08-31,texnet2020rcjk,final,05:07:53,2.1,28.9536,-98.0063,Southern Texas
2020-09-01,,,,0.0,,,
2020-09-02,texnet2020rgbg,final,05:33:49,2.0,28.9215,-98.0963,Southern Texas
2020-09-02,texnet2020rgcn,final,06:11:28,2.1,28.9297,-98.0952,Southern Texas
2020-09-02,texnet2020rgnv,final,11:54:48,1.9,28.9023,-98.0849,Southern Texas
2020-09-02,texnet2020rgxl,final,16:45:58,1.8,28.9059,-98.0787,Southern Texas
2020-09-03,texnet2020rjgi,final,23:31:29,2.0,28.9224,-98.089,Southern Texas
2020-09-03,texnet2020riqs,final,15:37:51,2.2,28.9224,-98.1056,Southern Texas
2020-09-04,texnet2020rkkr,final,14:50:58,1.8,28.9426,-98.0787,Southern Texas
2020-09-05,texnet2020rmfe,final,14:21:46,2.1,28.9151,-98.0684,Southern Texas
2020-09-05,texnet2020rlfp,final,01:25:34,1.9,28.9243,-98.1014,Southern Texas
2020-09-05,texnet2020rlgi,final,01:48:00,2.8,28.9243,-98.1097,Southern Texas
2020-09-05,texnet2020rlij,final,02:50:08,2.7,28.927,-98.1025,Southern Texas
2020-09-05,texnet2020rluf,final,08:48:49,3.1,28.9316,-98.1118,Southern Texas
2020-09-06,texnet2020rokv,final,19:29:15,1.8,28.9114,-98.1097,Southern Texas
2020-09-07,,,,0.0,,,
2020-09-08,,,,0.0,,,
2020-09-09,,,,0.0,,,
2020-09-10,texnet2020rvff,final,12:36:32,2.2,28.9151,-98.1056,Southern Texas
2020-09-10,texnet2020ruvw,final,07:52:27,2.3,28.9316,-98.0932,Southern Texas
2020-09-11,,,,0.0,,,
2020-09-12,,,,0.0,,,
2020-09-13,,,,0.0,,,
2020-09-14,,,,0.0,,,
2020-09-15,,,,0.0,,,
2020-09-16,texnet2020sfri,final,06:04:10,2.4,29.0488,-97.8636,Central Texas
2020-09-17,,,,0.0,,,
2020-09-18,,,,0.0,,,
2020-09-19,,,,0.0,,,
2020-09-20,,,,0.0,,,
2020-09-21,texnet2020spua,final,18:48:22,1.8,29.1312,-97.692,Central Texas
2020-09-22,texnet2020srmy,final,17:29:25,1.9,28.9169,-98.1345,Southern Texas
2020-09-23,,,,0.0,,,
2020-09-24,,,,0.0,,,
2020-09-25,,,,0.0,,,
2020-09-26,,,,0.0,,,
2020-09-27,,,,0.0,,,
2020-09-28,,,,0.0,,,
2020-09-29,,,,0.0,,,
2020-09-30,,,,0.0,,,
2020-10-01,,,,0.0,,,
2020-10-02,,,,0.0,,,
2020-10-03,,,,0.0,,,
2020-10-04,,,,0.0,,,
2020-10-05,,,,0.0,,,
2020-10-06,,,,0.0,,,
2020-10-07,,,,0.0,,,
2020-10-08,,,,0.0,,,
2020-10-09,,,,0.0,,,
2020-10-10,,,,0.0,,,
2020-10-11,,,,0.0,,,
2020-10-12,,,,0.0,,,
2020-10-13,,,,0.0,,,
2020-10-14,,,,0.0,,,
2020-10-15,,,,0.0,,,
2020-10-16,,,,0.0,,,
2020-10-17,,,,0.0,,,
2020-10-18,,,,0.0,,,
2020-10-19,,,,0.0,,,
2020-10-20,,,,0.0,,,
2020-10-21,,,,0.0,,,
2020-10-22,,,,0.0,,,
2020-10-23,,,,0.0,,,
2020-10-24,,,,0.0,,,
2020-10-25,,,,0.0,,,
2020-10-26,,,,0.0,,,
2020-10-27,,,,0.0,,,
2020-10-28,,,,0.0,,,
2020-10-29,,,,0.0,,,
2020-10-30,,,,0.0,,,
2020-10-31,,,,0.0,,,
2020-11-01,,,,0.0,,,
2020-11-02,,,,0.0,,,
2020-11-03,,,,0.0,,,
2020-11-04,,,,0.0,,,
2020-11-05,texnet2020vtvk,final,16:39:10,2.7,29.0909,-97.783,Central Texas
2020-11-05,texnet2020vufn,final,21:45:16,2.7,29.0891,-97.7871,Central Texas
2020-11-06,,,,0.0,,,
2020-11-07,,,,0.0,,,
2020-11-08,,,,0.0,,,
2020-11-09,,,,0.0,,,
2020-11-10,,,,0.0,,,
2020-11-11,,,,0.0,,,
2020-11-12,,,,0.0,,,
2020-11-13,,,,0.0,,,
2020-11-14,,,,0.0,,,
2020-11-15,,,,0.0,,,
2020-11-16,,,,0.0,,,
2020-11-17,,,,0.0,,,
2020-11-18,,,,0.0,,,
2020-11-19,,,,0.0,,,
2020-11-20,,,,0.0,,,
2020-11-21,,,,0.0,,,
2020-11-22,,,,0.0,,,
2020-11-23,,,,0.0,,,
2020-11-24,,,,0.0,,,
2020-11-25,,,,0.0,,,
2020-11-26,,,,0.0,,,
2020-11-27,,,,0.0,,,
2020-11-28,,,,0.0,,,
2020-11-29,,,,0.0,,,
2020-11-30,,,,0.0,,,
2020-12-01,,,,0.0,,,
2020-12-02,,,,0.0,,,
2020-12-03,,,,0.0,,,
2020-12-04,,,,0.0,,,
2020-12-05,,,,0.0,,,
2020-12-06,,,,0.0,,,
2020-12-07,,,,0.0,,,
2020-12-08,,,,0.0,,,
2020-12-09,,,,0.0,,,
2020-12-10,texnet2020yftv,final,16:34:08,2.0,29.0964,-97.8388,Central Texas
2020-12-11,texnet2020ygpd,final,03:19:40,1.7,29.0543,-97.8285,Central Texas
2020-12-12,,,,0.0,,,
2020-12-13,,,,0.0,,,
2020-12-14,,,,0.0,,,
2020-12-15,,,,0.0,,,
2020-12-16,,,,0.0,,,
2020-12-17,,,,0.0,,,
2020-12-18,,,,0.0,,,
2020-12-19,texnet2020yvlg,final,06:24:22,1.4,29.0341,-97.874,Central Texas
2020-12-20,,,,0.0,,,
2020-12-21,,,,0.0,,,
2020-12-22,,,,0.0,,,
2020-12-23,,,,0.0,,,
2020-12-24,,,,0.0,,,
2020-12-25,,,,0.0,,,
2020-12-26,,,,0.0,,,
2020-12-27,,,,0.0,,,
2020-12-28,,,,0.0,,,
2020-12-29,,,,0.0,,,
2020-12-30,,,,0.0,,,
2020-12-31,texnet2020zshl,final,18:36:23,2.2,28.8821,-98.1014,Southern Texas
2021-01-01,texnet2021aart,final,08:57:43,2.0,28.884,-98.1077,Southern Texas
2021-01-01,texnet2021aaym,final,12:21:50,2.8,28.884,-98.089,Southern Texas
2021-01-02,texnet2021acsu,final,11:45:29,2.1,28.884,-98.1056,Southern Texas
2021-01-03,texnet2021aezu,final,17:34:51,2.9,28.8831,-98.1025,Southern Texas
2021-01-04,,,,0.0,,,
2021-01-05,,,,0.0,,,
2021-01-06,,,,0.0,,,
2021-01-07,,,,0.0,,,
2021-01-08,,,,0.0,,,
2021-01-09,,,,0.0,,,
2021-01-10,,,,0.0,,,
2021-01-11,,,,0.0,,,
2021-01-12,,,,0.0,,,
2021-01-13,texnet2021awse,final,10:10:20,1.5,28.873,-98.0932,Southern Texas
2021-01-14,,,,0.0,,,
2021-01-15,,,,0.0,,,
2021-01-16,,,,0.0,,,
2021-01-17,,,,0.0,,,
2021-01-18,,,,0.0,,,
2021-01-19,,,,0.0,,,
2021-01-20,,,,0.0,,,
2021-01-21,,,,0.0,,,
2021-01-22,,,,0.0,,,
2021-01-23,,,,0.0,,,
2021-01-24,,,,0.0,,,
2021-01-25,,,,0.0,,,
2021-01-26,,,,0.0,,,
2021-01-27,,,,0.0,,,
2021-01-28,,,,0.0,,,
2021-01-29,,,,0.0,,,
2021-01-30,,,,0.0,,,
2021-01-31,,,,0.0,,,
2021-02-01,,,,0.0,,,
